{
    "timestamp": "2026-04-28T13:34:38.443486",
    "model_type": "1D CNN",
    "test_size": 0.3,
    "batch_size": 32,
    "epochs": 10,
    "final_epoch": 10,
    "metrics": {
        "mean_squared_error": 121.27706187336996,
        "root_mean_squared_error": 11.012586520584978,
        "mean_absolute_error": 6.285531398504384,
        "r2_score": 0.32162988281679017
    },
    "training_history": {
        "final_train_loss": 141.615966796875,
        "final_val_loss": 540.1680908203125,
        "final_train_r2": -68.2553482055664,
        "final_val_r2": -135.77386474609375
    }
}